dataset,accuracy,f1_weighted
train,0.9965277777777778,0.9965267725384704
test,0.9236111111111112,0.9222983035483036
